type,total_transactions,fraud_transactions,fraud_rate,fraud_rate_percentage
CASH_IN,1399284,0,0.0,0.0
CASH_OUT,2237500,4116,0.0018395530726256983,0.18395530726256984
DEBIT,41432,0,0.0,0.0
PAYMENT,2151495,0,0.0,0.0
TRANSFER,532909,4097,0.007687991758442811,0.7687991758442811
